id,randomseq,intattempts,succintattempt,yearsqualify,familiarSALAD,usedSALAD,attempt1SuccessR,attempt1SuctionR,attempt1intattemptStartR,attempt1intattemptCompletedR,attempt1intattemptTotalR,attempt1SuccessV,attempt1SuctionV,attempt1intattemptStartV,attempt1intattemptCompletedV,attempt1intattemptTotalV,attempt2SuccessR,attempt2SuctionR,attempt2intattemptStartR,attempt2intattemptCompletedR,attempt2intattemptTotalR,attempt2SuccessV,attempt2SuctionV,attempt2intattemptStartV,attempt2intattemptCompletedV,attempt2intattemptTotalV,attempt3SuccessR,attempt3SuctionR,attempt3intattemptStartR,attempt3intattemptCompletedR,attempt3intattemptTotalR,attempt3SuccessV,attempt3SuctionV,attempt3intattemptStartV,attempt3intattemptCompletedV,attempt3intattemptTotalV,Notes,bougie1,bougie2,bougie3,assthold1,assthold2,assthold3,oesph1,oesph2,oesph3,sucinsitu1,sucinsitu2,sucinsitu3,Nohole1,Nohole2,Nohole3,SALAD1,SALAD2
ID001,ABB,0,0,4,no,no,no,no,,,37,no,no,7,28,35,yes,yes,,,67,yes,yes,1,65,66,yes,yes,,,48,yes,yes,0,48,48,Didn't use bougie first attempt. oesophageal intubation on first attempt,no,,,,,,yes,,,,,,,,,,
ID002,AAB,0,0,14,no,no,no,no,,,90,no,no,1,89,90,yes,no,,,55,yes,no,0,55,55,yes,yes,,,80,yes,yes,0,79,79,,,,,,,,,,,,,,,,,,
ID003,ABB,2,2,10,yes,no,yes,no,,,39,yes,no,6,33,39,yes,yes,,,47,yes,yes,0,47,47,yes,yes,,,41,yes,yes,1,40,41,,,,,,,,,,,,,,,,,,
ID004,AAB,12,12,20,no,no,yes,no,,,57,yes,no,8,49,57,yes,no,,,49,yes,no,8,40,48,yes,yes,,,68,yes,yes,0,68,68,Attempt 2 blade came off handle and had to be re-attached. Approximately 3 to 4 seconds lost,,,,,,,,,,,,,,,,,
ID005,ABB,20,20,4,no,no,no,no,,,93,no,no,8,85,93,no,no,,,67,no,no,3,60,63,yes,yes,,,68,yes,yes,6,61,67,2nd attempt oesophageal intubation,,,,,,,,yes,,,,,,,,,
ID006,AAB,10,10,5,no,no,no,no,,,90,no,no,6,84,90,no,no,,,90,no,no,2,88,90,yes,yes,,,55,yes,yes,2,53,55,1st and 2nd attempt out of time,,,,,,,,,,,,,,,,,
ID007,AAB,2,2,27,yes,no,no,no,,,90,no,no,1,89,90,yes,no,,,82,yes,no,3,81,84,yes,yes,,,76,yes,yes,3,73,76,"1st attempt ran out of time, 2nd attempt got asst to hold susction in place",,,,,yes,,,,,,,,,,,,
ID008,AAB,5,4,10,no,no,no,no,,,75,no,no,1,49,50,yes,no,,,77,yes,no,4,73,77,yes,yes,,,55,yes,yes,5,49,54,1st attempt obvious incorrect placement (tube v high) and at oesophagus,,,,,,,yes,,,,,,,,,,
ID009,ABB,1,1,21,yes,no,no,no,,,90,no,no,0,90,90,no,no,,,,no,no,1,58,59,yes,yes,,,56,yes,yes,3,53,56,"1st attempt out of time, 2nd attempt oesophageal intubation",,,,,,,,yes,,,,,,,,,
ID010,ABB,18,18,10,no,no,no,no,,,78,no,no,11,54,65,yes,yes,,,65,yes,yes,7,57,64,yes,yes,,,51,yes,yes,6,44,50,,,,,,,,,,,,,,,,,,
ID011,ABB,6,6,14,no,no,no,no,,,90,no,no,1,89,90,yes,yes,,,58,yes,yes,5,53,58,yes,yes,,,55,yes,yes,3,52,55,"1st attempt timed out, complaints of flickering laryngoscope bulb",,,,,,,,,,,,,,,,,
ID012,AAB,3,3,15,no,no,no,no,,,90,no,no,1,89,90,yes,no,,,61,yes,no,1,60,61,yes,yes,,,38,yes,yes,4,33,37,,,,,,,,,,,,,,,,,,
ID013,ABB,24,24,2,no,no,yes,no,,,38,yes,no,2,36,38,yes,yes,,,59,yes,yes,2,57,59,yes,yes,,,42,yes,yes,0,41,41,1st attempt: suction in situ during attempt. 2nd attempt: asst delay in providing suction down tube (2 to 3 secs),,,,,yes,,,,,yes,,,,,,,
ID014,ABB,6,6,14,yes,no,yes,no,,,56,yes,no,6,50,56,yes,yes,,,45,yes,yes,5,40,45,no,no,,,47,no,no,7,34,41,3rd oesophageal intubation,,,,,,,,,yes,,,,,,,,
ID015,AAB,17,17,18,yes,no,yes,no,,,75,yes,no,1,74,75,yes,no,,,25,yes,no,1,24,25,yes,yes,,,47,yes,yes,1,45,46,1st attempt: left suction in situ,,,,,,,,,,yes,,,,,,,
ID016,AAB,5,5,8,no,no,yes,no,,,67,yes,no,5,61,66,yes,no,,,40,yes,no,2,37,39,yes,yes,,,70,yes,yes,1,68,69,1st and 2nd attempt: suction left in situ,,,,,,,yes,,,,,,,,,,
ID017,ABB,4,4,8,no,no,no,no,,,101,no,no,3,98,101,yes,yes,,,56,yes,yes,6,49,55,no,yes,,,99,no,yes,6,93,99,"1st attempt: oesophagus, 3rd attempt: Good tube but >90 seconds",,,,,,,,,,,,,,,,,
ID018,AAB,2,2,7,no,no,no,no,,,90,no,no,12,78,90,yes,no,,,37,yes,no,4,32,36,yes,yes,,,53,yes,yes,3,49,52,,,,,,,,,,,,,,,,,,
ID019,ABB,3,1,6,yes,no,yes,no,,,59,yes,no,8,51,59,yes,yes,,,77,yes,yes,2,75,77,yes,yes,,,51,yes,yes,0,51,51,,,,,,,,,,,,,,,,,,
ID020,AAB,0,0,0,no,no,yes,no,,,48,yes,no,1,47,48,no,no,,,30,no,no,2,28,30,yes,yes,,,56,yes,yes,4,51,55,1st and 2nd attempts: cont suction provided by asst. 2nd attempt: oesophageal intubation,,,,yes,yes,,,yes,,,,,,,,,
ID021,ABB,1,1,2,no,no,no,no,,,90,no,no,9,81,90,yes,yes,,,70,yes,yes,6,64,70,yes,yes,,,67,yes,yes,7,60,67,1st attempt: Asst provided cont. suction,,,,yes,,,,,,,,,,,,,
ID022,ABB,3,1,0,yes,no,no,no,,,90,no,no,6,84,90,yes,yes,,,74,yes,yes,9,64,73,no,no,,,90,no,no,10,59,69,3rd attempt: oesophageal intubation,,,,,,,,,,,,,,,,,
ID023,AAB,6,3,6,yes,no,no,no,,,90,no,no,14,76,90,yes,no,,,66,yes,no,16,49,65,yes,yes,,,58,yes,yes,12,46,58,1st and 2nd attempts: Asst. provided cont. suction,,,,,,,,,,,,,,,,,
ID024,AAB,2,2,2,no,no,no,no,,,90,no,no,28,62,90,yes,no,,,76,yes,no,8,68,76,yes,yes,,,45,yes,yes,4,41,45,,,,,,,,,,,,,,,,,,
ID025,AAB,0,0,1,no,no,no,no,,,90,no,no,9,81,90,no,no,,,90,no,no,5,85,90,no,yes,,,108,no,yes,6,102,108,2nd and 3rd attempts: good tube,,,,,,,,,,,,,,,,,
ID026,ABB,25,20,0,no,no,yes,no,,,89,yes,no,3,86,89,yes,yes,,,48,yes,yes,3,44,47,no,no,,,65,no,no,2,62,64,"1st attempt: Asked assistant to hold suction in mouth. 3rd attempt oesophageal intubation, rigid cathether moved medially",,,,yes,,,,,yes,,,,,,,,
ID027,AAB,0,0,24,yes,no,no,no,,,49,no,no,0,47,47,no,no,,,90,no,no,0,90,90,no,yes,,,109,no,yes,1,108,109,"1st attempt: oesophageal intubation, 3rd attempt good tube but out of time",,,,,,,yes,,,,,,,,,,
ID028,ABB,0,0,12,no,no,no,no,,,40,no,no,1,30,31,no,no,,,64,no,no,3,54,57,yes,yes,,,73,yes,yes,2,70,72,1st and 2nd attempt oesophageal intubation,,,,,,,yes,yes,,,,,,,,,
ID029,AAB,0,0,8,no,no,no,no,,,93,no,no,5,88,93,yes,no,,,30,yes,no,2,28,30,yes,yes,,,52,yes,yes,4,48,52,1st attempt oesophageal intubation],,,,,,,,,,,,,,,,,
ID030,ABB,3,2,5,no,no,yes,no,,,69,yes,no,9,59,68,yes,yes,,,73,yes,yes,3,70,73,yes,yes,,,54,yes,yes,1,52,53,,,,,,,,,,,,,,,,,,
ID031,AAB,3,2,5,no,no,yes,no,,,72,yes,no,7,64,71,yes,no,,,34,yes,no,4,30,34,no,no,,,90,no,no,1,89,90,1st and 2nd attempt: Holding suction in SALAD like grip,,,,,,,,,,,,,,,,yes,yes
ID032,ABB,2,2,0,no,no,yes,no,,,73,yes,no,3,70,73,yes,yes,,,54,yes,yes,3,51,54,yes,yes,,,58,yes,yes,3,55,58,1st attempt: Asst holding suction in mouth,,,,yes,,,,,,,,,,,,,
ID033,ABB,5,5,16,no,no,yes,no,,,50,yes,no,11,38,49,yes,yes,,,88,yes,yes,7,80,87,yes,yes,,,42,yes,yes,6,35,41,1st and 3rd attempts: No bougie,no,,no,,,,,,,,,,,,,,
ID034,AAB,6,5,7,no,no,no,no,,,100,no,no,11,89,100,no,no,,,39,no,no,6,30,36,yes,yes,,,58,yes,yes,7,50,57,"1st attempt: oesophageal intubation, 2nd attempt: oesophageal intubation, asked asst. to provide suction in situ",,,,,yes,,yes,yes,,,,,,,,,
ID035,AAB,3,3,1,no,no,yes,no,,,75,yes,no,14,61,75,no,no,,,68,no,no,14,54,68,yes,yes,,,75,yes,yes,6,59,75,"1st and 2nd attempt: assistant provided suction, 2nd attempt oesophageal intubation",,,,yes,yes,,,yes,,,,,,,,,
ID036,ABB,2,2,20,no,no,no,no,,,90,no,no,11,79,90,yes,yes,,,64,yes,yes,9,55,64,yes,yes,,,53,yes,yes,8,44,52,"1st attempt, parked suction in mouth but no hole occluded. No bougie initially, then removed tube and tried with bougie",,,,,,,,,,yes,,,,,,,
ID037,AAB,0,0,1,no,no,yes,no,,,89,yes,no,1,87,88,yes,no,,,58,yes,no,1,57,58,yes,yes,,,66,yes,yes,7,59,66,"1st and 2nd attempts: SALAD style grip on bougie, left in situ with hole exposed",,,,,,,,,,yes,yes,,,,,yes,yes
ID038,ABB,3,1,2,no,no,no,no,,,90,no,no,11,79,90,yes,yes,,,83,yes,yes,7,76,83,yes,yes,,,63,yes,yes,3,60,63,,,,,,,,,,,,,,,,,,
ID039,AAB,2,1,2,no,no,no,no,,,96,no,no,1,95,96,no,no,,,80,no,no,10,69,79,yes,yes,,,58,yes,yes,7,51,58,1st and 2nd attempt: oesophageal intubation,,,,,,,yes,yes,,,,,,,,,
ID040,ABB,5,5,9,no,no,yes,no,,,42,yes,no,2,40,42,yes,yes,,,,yes,yes,1,44,45,yes,yes,,,55,yes,yes,1,53,54,1st attempt: left suction in situ (hole not occluded),,,,,,,,,,yes,,,,,,,
ID041,ABB,0,0,0,no,no,no,no,,,86,no,no,17,67,87,yes,yes,,,56,yes,yes,3,53,56,yes,yes,,,56,yes,yes,5,50,55,1st attempt: oesophageal intubation,,,,,,,yes,,,,,,,,,,
ID042,AAB,15,14,0,no,no,no,no,,,82,no,no,12,70,82,yes,no,,,40,yes,no,3,37,40,yes,yes,,,53,yes,yes,8,44,52,"1st attempt: Prompted to occlude hole, no bougie, oesophageal intubation. 2nd attempt: no bougie",no,no,,,,,yes,,,,,,yes,,,,
ID043,ABB,0,0,0,yes,no,no,no,,,45,no,no,6,39,45,yes,yes,,,56,yes,yes,8,47,55,yes,yes,,,44,yes,yes,7,36,43,1st attempt: oesophageal intubation,,,,,,,yes,,,,,,,,,,
ID044,AAB,3,3,22,no,no,yes,no,,,63,yes,no,14,49,63,yes,no,,,62,yes,no,8,54,62,yes,yes,,,58,yes,yes,1,55,56,1st attempt: left suction in situ (no hole covered),,,,,,,,,,yes,,,,,,,
ID045,ABB,12,11,10,no,no,no,no,,,50,no,no,6,44,50,yes,yes,,,39,yes,yes,3,36,39,yes,yes,,,44,yes,yes,2,41,43,1st attempt: tube not inserted far enough into laryngeal inlet. Left suction in situ (no hole covered),,,,,,,,,,yes,,,,,,,
ID046,ABB,1,1,15,no,no,yes,no,,,63,yes,no,5,58,63,yes,yes,,,37,yes,yes,2,34,36,yse,yes,,,30,yes,yes,1,28,29,"1st, 2nd and 3rd attempt: no bougie",no,no,no,,,,,,,,,,,,,,
ID047,AAB,2,2,1,no,no,no,no,,,57,no,no,6,50,56,no,no,,,90,no,no,4,86,90,yes,yes,,,69,yes,yes,1,67,69,1st attempt: oesophageal intubation,,,,,,,yes,,,,,,,,,,
ID048,ABB,2,2,25,no,no,no,no,,,90,no,no,4,86,90,yes,yes,,,45,yes,yes,1,43,44,yes,yes,,,40,yes,yes,4,35,39,1st attempt: Left suction in situ (no hole covered),,,,,,,,,,yes,,,,,,,
ID049,AAB,4,4,19,no,no,no,no,,,90,no,no,2,88,90,no,no,,,47,no,no,1,45,46,no,no,,,90,no,no,2,88,90,2nd attempt: At layngeal inlet but not through cords,,,,,,,,,,,,,,,,,
ID050,ABB,6,5,0,no,no,no,no,,,90,no,no,15,75,90,yes,yes,,,38,yes,yes,1,36,37,yes,yes,,,35,yes,yes,1,34,35,1st attempt: Prompted to cover hole when suctioning,,,,,,,,,,,,,yes,,,,
ID051,AAB,15,11,0,no,no,yes,no,,,58,yes,no,2,56,58,yes,no,,,37,yes,no,4,32,36,yes,yes,,,50,yes,yes,5,45,50,1st attempt: Just in larynx enough not to move,,,,,,,,,,,,,,,,,
ID052,ABB,12,8,0,no,no,no,no,,,90,no,no,80,10,90,yes,yes,,,47,yes,yes,1,45,46,no,no,,,28,no,no,3,22,25,1st attempt: Asked assistant to hold suction in situ. 3rd attempt oesophageal intubation,,,,yes,,,,,yes,,,,,,,,
ID053,AAB,2,2,0,no,no,no,no,,,79,no,no,18,60,78,no,no,,,69,no,no,13,55,68,yes,yes,,,52,yes,yes,1,49,50,1st and 2nd attempt: Oesophageal intubation,,,,,,,yes,yes,,,,,,,,,
ID054,ABB,12,6,0,no,no,yes,no,,,42,yes,no,0,41,41,no,no,,,54,no,no,1,50,51,yes,yes,,,46,yes,yes,1,45,46,2nd attempt: oesophageal intubation,,,,,,,,yes,,,,,,,,,
ID055,AAB,9,5,0,no,no,no,no,,,69,no,no,2,65,67,yes,no,,,36,yes,no,2,33,35,yes,yes,,,39,yes,yes,0,38,38,1st attempt: oesophageal intubation,,,,,,,yes,,,,,,,,,,
ID056,AAB,8,7,0,no,no,yes,no,,,89,yes,no,19,69,88,yes,no,,,45,yes,no,10,35,45,yes,yes,,,41,yes,yes,0,40,40,,,,,,,,,,,,,,,,,,
ID057,ABB,10,6,0,no,no,yes,no,,,75,yes,no,10,64,74,yes,yes,,,78,yes,yes,7,70,77,yes,yes,,,57,yes,yes,4,53,57,,,,,,,,,,,,,,,,,,
ID058,AAB,4,4,6,no,no,yes,no,,,59,yes,no,8,50,58,no,no,,,59,no,no,4,53,57,yes,yes,,,51,yes,yes,5,45,50,"1st and 2nd attempt: No bougie, asked asst. to hold suction in situ. 2nd attempt: oesophageal intubation",no,no,,yes,yes,,,yes,,,,,,,,,
ID059,ABB,1,0,1,yes,no,yes,no,,,62,yes,no,11,50,61,yes,yes,,,49,yes,yes,3,46,47,yes,yes,,,50,yes,yes,6,43,49,1st attempt: Got asst. to hold suction in situ,,,,yes,,,,,,,,,,,,,
ID060,AAB,5,4,5,no,no,yes,no,,,51,yes,no,5,46,51,yes,no,,,,yes,no,5,21,26,yes,yes,,,49,yes,yes,4,43,47,1st attempt: SALAD style grip. No bougie on any attempts,no,no,no,,,,,,,,,,,,,yes,
ID061,ABB,1,0,2,no,no,yes,no,,,87,yes,no,17,70,87,yes,yes,,,50,yes,yes,6,42,48,no,yes,,,95,no,yes,7,87,94,"3rd attempt: Good tube, but over time.",,,,,,,,,,,,,,,,,
ID062,ABB,12,10,9,yes,no,yes,no,,,66,yes,no,14,50,64,yes,yes,,,52,yes,yes,1,50,51,yes,yes,,,38,yes,yes,1,36,37,"1st attempt: Left suction in situ, hole uncovered. 2nd and 3rd attempts: Did not move suction to left side",,,,,,,,,,,yes,yes,,,,,
ID063,AAB,0,0,10,no,no,yes,no,,,74,yes,no,17,57,74,yes,no,,,81,yes,no,9,71,80,yes,yes,,,57,yes,yes,3,54,57,,,,,,,,,,,,,,,,,,
ID064,AAB,2,1,8,no,no,no,no,,,90,no,no,10,80,90,no,no,,,97,no,no,5,91,96,yes,yes,,,52,yes,yes,3,49,52,1st attempt: Tried without bougie 1st then with bougie. 2nd attempt: Oesophageal intubation,,,,,,,,yes,,,,,,,,,
ID065,ABB,2,1,2,no,no,no,no,,,70,no,no,11,42,53,yes,yes,,,60,yes,yes,2,58,60,yes,yes,,,42,yes,yes,2,39,41,"1st attempt: oesophageal intubation, no bougie. 2nd attempt struggled moving cathether to left, had to remove and try again",no,,,,,,yes,,,,,,,,,,
ID066,AAB,5,4,8,no,no,no,no,,,25,no,no,2,22,24,no,no,,,41,no,no,0,40,40,yes,yes,,,75,yes,yes,2,73,75,"1st attempt: oesophageal intubation, no bougie. 2nd attempt: leaves suction in situ, oesophageal intubation",no,,,,,,yes,yes,,,yes,,,,,,
ID067,AAB,10,10,3,no,no,no,no,,,90,no,no,23,67,90,yes,no,,,50,yes,no,3,46,49,yes,yes,,,50,yes,yes,1,47,48,"1st attempt: did not occlude suction hole for 13 seconds, using SALAD-style grip",,,,,,,,,,,,,13,,,yes,
ID068,ABB,0,0,8,no,no,no,no,,,57,no,no,25,31,56,yes,yes,,,85,yes,yes,6,79,85,yes,yes,,,89,yes,yes,5,83,88,"1st attempt: SALAD-style grip but used right hand initially, oesophageal intubation. 2nd attempt: struggled to move catheter to left side. 3rd attempt: Tried leaving suction on right, but had to move to left to intubate",,,,,,,yes,,,,,,,,,yes,
ID069,AAB,1,0,1,no,no,no,no,,,90,no,no,90,0,90,no,no,,,90,no,no,90,0,90,no,no,,,59,no,no,6,50,56,1st and 2nd attempts: No intubatino attempt as never got past suction. 3rd attempt: oesophageal intubatino,,,,,,,,,yes,,,,,,,,
ID070,ABB,11,11,0,yes,no,yes,no,,,77,yes,no,4,72,76,yes,yes,,,57,yes,yes,2,54,56,yes,yes,,,48,yes,yes,2,45,47,,,,,,,,,,,,,,,,,,
ID071,AAB,3,2,19,yes,no,yes,no,,,38,yes,no,5,32,37,yes,no,,,44,yes,no,3,40,43,yes,yes,,,41,yes,yes,4,36,40,1st and 2nd attempts: Left suction in situ,,,,,,,,,,yes,yes,,,,,,
ID072,ABB,1,1,0,yes,no,no,no,,,55,no,no,15,40,55,yes,yes,,,56,yes,yes,5,50,55,yes,yes,,,46,yes,yes,4,42,46,"1st attempt: did not occlude hole initially, oesophageal intubation",,,,,,,yes,,,,,,yes,,,,
ID073,ABB,0,0,3,no,no,no,no,,,90,no,no,11,79,90,yes,yes,,,56,yes,yes,2,53,55,yes,yes,,,53,yes,yes,1,52,53,,,,,,,,,,,,,,,,,,
ID074,AAB,3,3,2,yes,no,yes,no,,,62,yes,no,20,41,61,yes,no,,,48,yes,no,13,35,48,yes,yes,,,57,yes,yes,4,52,56,,,,,,,,,,,,,,,,,,
ID075,AAB,10,6,0,no,no,no,no,,,90,no,no,20,70,90,no,no,,,51,no,no,7,43,50,yes,yes,,,60,yes,yes,4,56,60,1st attempt: Prompted to occlude hole. 2nd attempt: oesophageal intubation,,,,,,,,yes,,,,,yes,,,,
ID076,ABB,8,6,1,no,no,yes,no,,,50,yes,no,4,45,49,yes,yes,,,46,yes,yes,3,42,45,yes,yes,,,40,yes,yes,5,35,40,"1st attempt: Left suction in situ, no bougie",no,,,,,,,,,yes,,,,,,,
ID077,ABB,0,0,13,no,no,no,no,,,90,no,no,0,90,90,yes,yes,,,52,yes,yes,5,47,52,yes,yes,,,48,yes,yes,7,41,48,,,,,,,,,,,,,,,,,,
ID078,AAB,2,2,7,no,no,no,no,,,50,no,no,1,45,46,no,no,,,67,no,no,0,67,67,yes,yes,,,76,yes,yes,2,73,75,"1st attempt: oesophageal intubation. 2nd attempts:Left suction in situ, oesophageal intubation",,,,,,,yes,yes,,,yes,,,,,,
ID079,AAB,4,4,19,no,no,yes,no,,,64,yes,no,13,50,63,yes,no,,,45,yes,no,8,37,45,yes,yes,,,41,yes,yes,3,37,40,"1st, 2nd and 3rd attempts: No bougie",no,no,no,,,,,,,,,,,,,,
ID080,ABB,2,1,20,yes,no,no,no,,,90,no,no,16,74,90,yes,yes,,,45,yes,yes,3,42,45,yes,yes,,,61,yes,yes,1,60,61,"1st attempt: Left suction in situ, no hole. 2nd attempt: Had to remove suction from left and re-establish view",,,,,,,,,,yes,,,,,,,
ID081,ABB,10,8,0,no,no,yes,no,,,69,yes,no,25,43,68,yes,yes,,,41,yes,yes,2,38,40,yes,yes,,,35,yes,yes,1,33,34,,,,,,,,,,,,,,,,,,
ID082,AAB,0,0,6,no,no,yes,no,,,66,yes,no,25,45,65,yes,no,,,42,yes,no,9,32,41,yes,yes,,,55,yes,yes,1,52,53,"1st attempt: laryngoscope not open at start of attempt, left suction in situ",,,,,,,,,,yes,,,,,,,
ID083,AAB,8,7,1,no,no,yes,no,,,68,yes,no,8,62,70,yes,no,,,77,yes,no,1,75,76,yes,yes,,,60,yes,yes,6,54,60,1st and 2nd attempt: SALAD-style grip. Left suction in situ without hole occluded. 2nd attempt: Abandoned 1st tube insertion as not confident. Re-suctioned and re-inserted tube successfully,,,,,,,,,,yes,yes,,,,,yes,yes
ID084,ABB,6,6,4,no,no,no,no,,,90,no,no,0,90,90,yes,yes,,,45,yes,yes,2,42,44,yes,yes,,,39,yes,yes,2,37,39,,,,,,,,,,,,,,,,,,
ID085,ABB,0,0,1,no,no,no,no,,,90,no,no,7,83,90,yes,yes,,,47,yes,yes,5,40,45,yes,yes,,,53,yes,yes,2,50,52,1st attempt: Did not occlude hole and took 40 seconds to realise. SALAD-style grip,,,,,,,,,,,,,40,,,yes,
ID086,AAB,0,0,8,no,no,no,no,,,74,no,no,14,59,73,yes,no,,,80,yes,no,13,66,79,yes,yes,,,75,yes,yes,2,73,75,"1st attempt: oesophageal intubation, got asst to hold suction. 2nd attempt: got asst to hold suction",,,,yes,yes,,yes,,,,,,,,,,
ID087,AAB,0,0,21,no,no,no,no,,,90,no,no,17,43,60,no,no,,,90,no,no,13,77,90,yes,yes,,,48,yes,yes,2,45,47,"1st attempt: got asst to hold suction, removed laryngoscope at 43 seconds then ran out of time.",,,,yes,,,,,,,,,,,,,
ID088,AAB,0,0,10,no,no,no,no,,,47,no,no,13,33,46,no,no,,,77,no,no,11,66,77,no,no,,,90,no,no,5,85,90,"1st attempt: oesophageal intubation, got asst to hold suction. 2nd attempt: got asst to hold suction, in laryngeal inlet, but not enough. 3rd attempt: Moved around to left side of patient during laryngoscopy",,,,yes,yes,,yes,,,,,,,,,,
ID089,ABB,0,0,4,yes,no,yes,no,,,62,yes,no,21,40,61,no,no,,,90,no,no,3,87,90,yes,yes,,,54,yes,yes,3,50,53,"1st: attempt: got asst to hold suction, removed laryngoscope before advancing blade",,,,yes,,,,,,,,,,,,,
ID090,ABB,0,0,0,no,no,yes,no,,,71,yes,no,19,51,70,yes,yes,,,43,yes,yes,5,37,42,yes,yes,,,43,yes,yes,2,40,42,,,,,,,,,,,,,,,,,,
ID091,ABB,0,0,4,no,no,no,no,,,90,no,no,90,0,90,no,no,,,48,no,no,5,38,43,no,no,,,60,no,no,6,35,41,2nd and 3rd attempt: oesophageal intubation,,,,,,,,yes,yes,,,,,,,,
ID092,AAB,6,6,8,no,no,yes,no,,,68,yes,no,7,60,67,no,no,,,88,no,no,2,85,87,yes,yes,,,41,yes,yes,3,37,40,"1st attempt: no bougie. 2nd attempt: no bougie, in laryngeal inlet, but not advanced far enough",no,no,,,,,,,,,,,,,,,
ID093,ABB,0,0,4,yes,no,no,no,,,90,no,no,6,84,90,yes,yes,,,44,yes,yes,3,40,43,yes,yes,,,37,yes,yes,5,31,36,,,,,,,,,,,,,,,,,,
ID094,AAB,10,5,0,no,no,no,no,,,73,no,no,12,61,73,no,no,,,92,no,no,2,89,91,yes,yes,,,44,yes,yes,8,35,43,"1st attempt: oesophageal intubation, 2nd attempt: in laryngeal inlet but not advanced enough and out of time",,,,,,,yes,,,,,,,,,,
ID095,AAB,11,3,0,no,no,yes,no,,,77,yes,no,12,64,76,yes,no,,,55,yes,no,14,41,55,yes,yes,,,56,yes,yes,7,48,55,1st attempt: got asst to hold suction,,,,yes,,,,,,,,,,,,,
ID096,ABB,1,0,0,yes,no,no,no,,,60,no,no,25,20,45,yes,yes,,,66,yes,yes,11,55,66,no,yes,,,78,no,yes,8,70,78,"1st attempt: oesophageal intubation, SALAD-style grip but did not occlude hole until 16 seconds, then parked on left no hole occlusion. 3rd attempt: In laryngeal inlet but not advanced enough",,,,,,,yes,,,,,,16,,,yes,
ID097,AAB,4,3,11,no,no,no,no,,,45,no,no,1,42,43,no,no,,,90,no,no,2,88,90,yes,yes,,,50,yes,yes,8,42,50,"1st attempt: oesophageal intubation, no bougie",no,,,,,,yes,,,,,,,,,,
ID098,ABB,7,7,12,no,no,no,no,,,80,no,no,6,71,77,yes,yes,,,48,yes,yes,2,45,47,yes,yes,,,52,yes,yes,2,49,51,"1st attempt: oesophageal intubation, no bougie for 1st tube insertion, used bougie second time. Suction left in situ hole not occluded",,,,,,,yes,,,yes,,,,,,,
ID099,ABB,2,0,3,yes,no,no,no,,,90,no,no,30,60,90,yes,yes,,,61,yes,yes,7,53,60,yes,yes,,,52,yes,yes,8,44,52,"2nd attempt: Lost view on catheter transfer for left, removed and reinserted and successful",,,,,,,,,,,,,,,,,
ID100,AAB,2,1,2,no,no,yes,no,,,31,yes,no,5,26,31,yes,no,,,24,yes,no,2,21,23,yes,yes,,,88,yes,yes,11,76,87,1st and 2nd attempt: No bougie,no,no,,,,,,,,,,,,,,,
ID101,AAB,1,1,1,yes,no,yes,no,,,53,yes,no,5,47,52,yes,no,,,53,yes,no,9,43,52,no,yes,,,39,no,yes,3,32,35,3rd attempt: oesophageal intubation,,,,,,,,,yes,,,,,,,,
ID102,ABB,6,3,0,no,no,no,no,,,90,no,no,10,80,90,yes,yes,,,64,yes,yes,8,57,65,yes,yes,,,52,yes,yes,5,46,51,,,,,,,,,,,,,,,,,,
ID103,ABB,2,1,0,no,no,no,no,,,90,no,no,4,86,90,yes,yes,,,71,yes,yes,20,49,69,yes,yes,,,52,yes,yes,14,38,52,1st attempt: Removed blade at 23 seconds. Did not occlude suction hole for entire attempt,,,,,,,,,,,,,90,,,,
ID104,AAB,0,0,0,no,no,no,no,,,90,no,no,26,64,90,no,no,,,90,no,no,6,88,90,no,yes,,,98,no,yes,6,91,97,3rd attempt: Good tube but out of time,,,,,,,,,,,,,,,,,
ID105,AAB,4,4,9,no,no,no,no,,,90,no,no,0,90,90,no,no,,,90,no,no,3,87,90,yes,yes,,,65,yes,yes,4,60,64,1st attempt: no bougie,no,,,,,,,,,,,,,,,,
ID106,ABB,0,0,16,no,no,no,no,,,90,no,no,90,0,90,yes,yes,,,45,yes,yes,4,41,45,yes,yes,,,36,yes,yes,1,34,35,,,,,,,,,,,,,,,,,,
ID107,AAB,0,0,9,no,no,no,no,,,90,no,no,20,70,90,yes,no,,,69,yes,no,11,58,69,yes,yes,,,51,yes,yes,7,43,50,,,,,,,,,,,,,,,,,,
ID108,ABB,2,1,9,no,no,yes,no,,,56,yes,no,24,31,55,yes,yes,,,44,yes,yes,7,37,44,yes,yes,,,36,yes,yes,5,30,35,1st attempt: Didn't occlude hole for 5 seconds initially. 2nd attempt: No bougie,,no,,,,,,,,,,,5,,,,
ID109,ABB,3,1,1,no,no,no,no,,,90,no,no,1,89,90,yes,yes,,,43,yes,yes,2,40,42,yes,yes,,,39,yes,yes,2,35,37,1st attempt: Did not occlude hole for 1st 5 seconds,,,,,,,,,,,,,5,,,,
ID110,AAB,0,0,3,yes,no,no,no,,,90,no,no,6,84,90,yes,no,,,62,yes,no,1,60,61,yes,yes,,,37,yes,yes,6,31,37,"1st and 2nd attempt: Left suction in situ, no hole occluded",,,,,,,,,,yes,yes,,,,,,
ID111,AAB,0,0,5,yes,no,no,no,,,62,no,no,9,49,58,yes,no,,,76,yes,no,6,69,75,yes,yes,,,59,yes,yes,2,57,59,"1st attempt: oesophageal intubation, left suction in situ no hole. 2nd attempt: left suction in situ no hole",,,,,,,yes,,,yes,yes,,,,,,
ID112,AAB,20,20,0,no,no,no,no,,,90,no,no,6,84,90,no,no,,,90,no,no,4,86,90,yes,yes,,,38,yes,yes,3,34,37,1st attempt: Did not occlude hole on suction for entire attempt. 2nd attempt: Asked asst to hold suction in situ at 45 secs,,,,,yes,,,,,,,,90,,,,
ID113,ABB,8,7,0,yes,no,no,no,,,90,no,no,42,48,90,yes,yes,,,43,yes,yes,4,38,42,yes,yes,,,42,yes,yes,3,39,42,1st attempt: Asked asst to hold suction at 16 secs,,,,yes,,,,,,,,,,,,,
ID114,ABB,15,10,0,no,no,no,no,,,90,no,no,29,61,90,yes,yes,,,38,yes,yes,4,33,37,yes,yes,,,39,yes,yes,1,38,39,1st attempt: Asked asst to hold suction in situ at 24 secs,,,,yes,,,,,,,,,,,,,
ID115,ABB,1,0,7,no,no,no,no,,,34,no,no,3,20,23,yes,yes,,,45,yes,yes,3,40,43,yes,yes,,,46,yes,yes,2,42,44,1st attempt: no bougie,no,,,,,,,,,,,,,,,,
ID116,ABB,3,0,8,no,no,no,no,,,35,no,no,11,23,34,yes,yes,,,38,yes,yes,6,31,37,yes,yes,,,42,yes,yes,5,36,41,1st attempt: Oesophageal intubation,,,,,,,yes,,,,,,,,,,
ID117,AAB,2,2,2,no,no,no,no,,,84,no,no,25,57,82,yes,no,,,47,yes,no,6,40,46,no,yes,,,108,no,yes,5,103,108,"1st attempt: oesophageal intubation. 2nd attempt: Asked asst to hold suction in situ. 3rd attempt: Good tube but out of time, lost view on transition of catheter from right to left",,,,,yes,,yes,,,,,,,,,,
ID118,AAB,0,0,20,no,no,no,no,,,90,no,no,26,64,90,no,no,,,60,no,no,6,53,59,no,no,,,27,no,no,3,20,23,"1st attempt: Good tube but out of time, no bougie. 2nd attempt: Oesophageal intubation, no bougie. 3rd attempt: Oesophageal intubatino",no,no,,,,,,yes,yes,,,,,,,,
ID119,ABB,1,0,2,no,no,no,no,,,90,no,no,3,87,90,no,yes,,,64,no,yes,1,62,63,yes,yes,,,72,yes,yes,2,69,71,"1st attempt: Did not occlude hole until I took over at 52 seconds, no bougie. 2nd attempt: Good tube but not inserted far enough, did not move catheter over to left. Tube 20cm at teeth. 3rd attempt: Did not move suction over to left",no,,,,,,,,,,,,52,,,,
ID120,ABB,0,0,3,no,no,no,no,,,90,no,no,3,87,90,yes,yes,,,48,yes,yes,6,42,48,yes,yes,,,42,yes,yes,6,35,41,,,,,,,,,,,,,,,,,,
ID121,AAB,0,0,9,no,no,yes,no,,,59,yes,no,4,54,58,yes,no,,,32,yes,no,4,26,30,yes,yes,,,36,yes,yes,5,30,35,,,,,,,,,,,,,,,,,,
ID122,AAB,3,3,12,no,no,no,no,,,90,no,no,20,70,90,no,no,,,66,no,no,8,58,66,yes,yes,,,48,yes,yes,3,44,47,"1st attempt: no bougie. 2nd attempt: Oesophageal intubation, asked asst to hold suction in situ, railroaded tube over bougie herself, but had to let go of laryngoscope, no catheter mount and did not inflate cuff",no,,,,yes,,,yes,,,,,,,,,
ID123,AAB,2,1,1,no,no,no,no,,,90,no,no,9,81,90,no,no,,,90,no,no,12,78,90,yes,yes,,,43,yes,yes,2,40,42,"1st attempt: Holding laryngoscope high up the handle, left suction in situ but no hold occluded, held with left hand. 2nd attempt: Held suction in situ with left hand (with laryngoscope both times)",,,,,,,,,,yes,yes,,,,,,
ID124,ABB,10,10,3,no,no,no,no,,,90,no,no,9,81,90,yes,yes,,,49,yes,yes,4,44,48,yes,yes,,,51,yes,yes,5,45,50,1st attempt: SALAD-style grip on suction. 2nd attempt Did not move catheter over to left,,,,,,,,,,,,,,,,yes,
ID125,ABB,175,172,5,yes,no,yes,no,,,29,yes,no,4,24,28,yes,yes,,,38,yes,yes,3,34,37,yes,yes,,,32,yes,yes,6,25,31,,,,,,,,,,,,,,,,,,
ID126,AAB,2,1,1,no,no,no,no,,,90,no,no,7,83,90,yes,no,,,64,yes,no,6,58,64,yes,yes,,,53,yes,yes,4,48,52,1st attempt: Did not occlude hole for first 7 seconds,,,,,,,,,,,,,7,,,,
ID127,ABB,8,7,3,no,no,yes,no,,,49,yes,no,1,47,48,yes,yes,,,43,yes,yes,4,37,41,yes,yes,,,34,yes,yes,2,30,32,"1st attempt: Left suction in situ, no bougie",no,,,,,,,,,yes,,,,,,,
ID128,AAB,7,7,1,yes,no,no,no,,,90,no,no,9,81,90,yes,no,,,59,yes,no,7,51,58,yes,yes,,,41,yes,yes,5,36,41,2nd attempt: Got asst to hold suction in situ,,,,,yes,,,,,,,,,,,,
ID129,ABB,30,28,0,yes,no,yes,no,,,55,yes,no,1,53,54,no,yes,,,93,no,yes,1,90,91,no,no,,,90,no,no,5,85,90,"1st attempt: Did not occlude hole for 1st 6 seconds. 2nd attempt: Laryngoscope too deep, good tube but out of time. 3rd attempt: Laryngoscope too deep",,,,,,,,,,,,,6,,,,
ID130,AAB,2,1,5,no,no,no,no,,,90,no,no,90,0,90,no,no,,,90,no,no,90,0,90,yes,yes,,,49,yes,yes,8,40,48,1st and 2nd attempt: No layrngoscopy,,,,,,,,,,,,,,,,,
ID131,AAB,0,0,10,no,no,no,no,,,90,no,no,1,89,90,no,no,,,50,no,no,1,47,48,no,no,,,90,no,no,2,88,90,"2nd attempt: Asked asst to hold suction in situ, no bougie, oesophageal intubation. 3rd attempt: Unable to pass tube ? too deep with laryngoscope",,no,,,yes,,,yes,,,,,,,,,
ID132,ABB,4,4,10,no,no,yes,no,,,56,yes,no,7,48,55,yes,yes,,,46,yes,yes,4,41,45,yes,yes,,,39,yes,yes,3,34,37,1st attempt: Removed laryngoscope while inserting tube over bougies and had to reinsert laryngoscope,,,,,,,,,,,,,,,,,
ID133,AAB,1,0,5,no,no,yes,no,,,40,yes,no,9,30,39,yes,no,,,29,yes,no,1,28,29,yes,yes,,,50,yes,yes,2,47,49,1st and 2nd attempt: no bougie,no,no,,,,,,,,,,,,,,,
ID134,ABB,5,5,7,yes,no,yes,no,,,40,yes,no,3,37,40,yes,yes,,,57,yes,yes,4,52,56,yes,yes,,,36,yes,yes,3,32,35,1st attempt: Left suction in situ no hole,,,,,,,,,,yes,,,,,,,
ID135,AAB,12,12,6,no,no,no,no,,,61,no,no,3,57,60,yes,no,,,43,yes,no,4,38,42,yes,yes,,,46,yes,yes,0,45,45,"1st attempt: Oesophageal intubation, just used suction tubing. 2nd attempt: Just used suction tubing",,,,,,,yes,,,,,,,,,,
ID136,ABB,7,7,11,no,no,yes,no,,,45,yes,no,2,42,44,yes,yes,,,36,yes,yes,1,34,35,yes,yes,,,34,yes,yes,1,32,33,"1st attempt: Asked asst. to hold suction in situ, no bougie",no,,,yes,,,,,,,,,,,,,
ID137,ABB,7,7,12,no,no,no,no,,,90,no,no,3,78,90,yes,yes,,,49,yes,yes,6,42,48,yes,yes,,,56,yes,yes,5,50,55,,,,,,,,,,,,,,,,,,
ID138,AAB,3,2,0,yes,no,yes,no,,,87,yes,no,0,87,87,yes,no,,,55,yes,no,1,53,54,yes,yes,,,44,yes,yes,7,36,43,"1st attempt: SALAD-esque style, left suction in situ but no hole. 2nd attempt: Left suction in situ",,,,,,,,,,yes,yes,,,,,yes,
ID139,AAB,2,2,15,no,no,no,no,,,93,no,no,21,71,92,no,no,,,40,no,no,6,23,29,yes,yes,,,90,yes,yes,3,86,89,"1st attempt: good tube, out of time, no bougie. 2nd attempt: oesophageal intubation, no bougie",,no,,,,,,yes,,,,,,,,,
ID140,ABB,6,4,0,no,no,no,no,,,45,no,no,14,30,44,yes,yes,,,40,yes,yes,2,38,40,yes,yes,,,36,yes,yes,3,32,35,1st attempt: Oesophageal intubation,,,,,,,yes,,,,,,,,,,
ID141,ABB,3,1,2,no,no,no,no,,,49,no,no,19,29,48,yes,yes,,,41,yes,yes,7,34,41,yes,yes,,,58,yes,yes,5,53,58,1st attempt: Oesophageal intubation. Did not occlude hole,,,,,,,yes,,,,,,yes,,,,
ID142,AAB,6,5,9,yes,no,no,no,,,90,no,no,12,78,90,yes,no,,,57,yes,no,11,45,56,yes,yes,,,50,yes,yes,4,45,49,"1st attempt: Good tube but out of time, no bougie, got asst to hold tube, 1:02 removed laryngoscope and reinserted 1:10. 2nd attempt: Asst to hold suction, no bougie",no,no,,,yes,,,,,,,,,,,,
ID143,AAB,0,0,0,no,no,yes,no,,,35,yes,no,8,25,33,no,no,,,30,no,no,6,24,30,yes,yes,,,44,yes,yes,4,38,42,2nd attempt: Oesophageal intubation,,,,,,,,yes,,,,,,,,,
ID144,ABB,1,0,1,no,no,no,no,,,90,no,no,90,0,90,yes,yes,,,36,yes,yes,6,30,36,yes,yes,,,33,yes,yes,5,28,33,1st attempt: Did not occlude hole,,,,,,,,,,,,,yes,,,,
ID145,AAB,1,1,16,yes,no,no,no,,,90,no,no,1,89,90,no,no,,,90,no,no,1,89,90,yes,yes,,,53,yes,yes,9,42,51,,,,,,,,,,,,,,,,,,
ID146,AAB,0,0,2,no,no,no,no,,,90,no,no,31,59,90,no,no,,,39,no,no,12,36,38,yes,yes,,,51,yes,yes,4,46,50,"2nd attempt: oesophageal intubation, no bougie",,no,,,,,,yes,,,,,,,,,
ID147,ABB,0,0,12,no,no,no,no,,,90,no,no,0,90,90,yes,yes,,,51,yes,yes,6,43,49,yes,yes,,,52,yes,yes,3,49,52,"1st attempt: no bougie, held suction in situ wtih laryngoscope hand to occlude hole",no,,,,,,,,,,,,,,,,
ID148,ABB,2,2,3,no,no,no,no,,,90,no,no,14,76,90,yes,yes,,,51,yes,yes,3,47,50,yes,yes,,,40,yes,yes,4,34,38,,,,,,,,,,,,,,,,,,
ID149,AAB,3,3,6,yes,no,yes,no,,,63,yes,no,2,59,61,no,no,,,90,no,no,1,89,90,yes,yes,,,36,yes,yes,3,33,36,1st and 2nd attempt: Held suction in situ with laryngoscope hand to occlude hole,,,,,,,,,,,,,,,,,
ID150,ABB,1,1,18,no,no,no,no,,,94,no,no,1,94,95,yes,yes,,,49,yes,yes,6,42,48,yes,yes,,,43,yes,yes,5,37,42,"1st attempt: Good tube but out of time, no bougie",no,,,,,,,,,,,,,,,,
ID151,AAB,0,0,11,no,no,yes,no,,,78,yes,no,19,59,78,yes,no,,,54,yes,no,16,37,53,yes,yes,,,39,yes,yes,6,32,38,"1st and 2nd attempt: Suction in left hand, then got asst to hold in situ on left",,,,yes,yes,,,,,,,,,,,,
ID152,ABB,2,1,10,no,no,yes,no,,,84,yes,no,27,56,83,yes,yes,,,50,yes,yes,5,44,49,yes,yes,,,50,yes,yes,3,47,50,,,,,,,,,,,,,,,,,,
ID153,ABB,3,2,1,no,no,yes,no,,,54,yes,no,7,47,54,yes,yes,,,44,yes,yes,7,36,43,yes,yes,,,39,yes,yes,3,35,38,,,,,,,,,,,,,,,,,,
ID154,AAB,17,15,15,no,no,yes,no,,,43,yes,no,2,40,42,yes,no,,,29,yes,no,1,26,27,yes,yes,,,42,yes,yes,3,38,41,"1st, 2nd, 3rd attempt: No bougie",no,no,no,,,,,,,,,,,,,,
ID155,ABB,0,0,7,no,no,no,no,,,90,no,no,7,83,90,yes,yes,,,44,yes,yes,3,39,42,yes,yes,,,42,yes,yes,4,37,41,1st attempt: no bougie,no,,,,,,,,,,,,,,,,
ID156,AAB,7,7,3,no,no,no,no,,,102,no,no,5,97,102,no,no,,,114,no,no,7,106,113,yes,yes,,,43,yes,yes,2,40,42,1st and 2nd attempt: Good tube but out of time. Left suction in situ with no hole occluded,,,,,,,,,,yes,yes,,,,,,
ID157,AAB,11,11,0,no,no,no,no,,,65,no,no,1,63,64,no,no,,,90,no,no,2,88,90,yes,yes,,,87,yes,yes,5,82,87,"1st attempt: Oesophageal intubation, left suction in situ no hole occluded. 2nd attempt: Left suction in situ no hole occluded",,,,,,,yes,,,yes,yes,,,,,,
ID158,ABB,9,9,0,yes,no,no,no,,,90,no,no,4,86,90,yes,yes,,,37,yes,yes,1,35,36,yes,yes,,,37,yes,yes,1,34,35,,,,,,,,,,,,,,,,,,
ID159,ABB,2,2,8,no,no,no,no,,,90,no,no,90,0,90,yes,yes,,,46,yes,yes,5,39,44,yes,yes,,,39,yes,yes,3,34,37,1st attempt: Did not occlude hole on suction catheter for 90 seconds,,,,,,,,,,,,,90,,,,
ID160,AAB,10,10,0,yes,no,no,no,,,90,no,no,33,57,90,no,no,,,76,no,no,41,34,75,yes,yes,,,57,yes,yes,4,53,57,"1st attempt: 27 secs until hold occluded, left suction in situ, no hole occluded. 2nd attempt: kit failure, so restart after a minute, 36 secs until hole occluded, oesophageal intubation",,,,,,,,yes,,,,,27,36,,,
ID161,ABB,4,4,8,yes,no,yes,no,,,72,yes,no,2,69,71,yes,yes,,,47,yes,yes,2,44,46,yes,yes,,,42,yes,yes,3,39,42,1st attempt: Rechecked bougie in correct place with suction after losing view,,,,,,,,,,,,,,,,,
ID162,AAB,0,0,1,no,no,no,no,,,97,no,no,10,85,95,no,no,,,43,no,no,10,32,42,yes,yes,,,45,yes,yes,6,38,44,"1st attempt: Asked asst to hold suction in situ, no hole occluded, tube over inlet but not advanced enough. 2nd attempt: Asked asst. to hold suction in situ. Oesophageal intubation",,,,yes,yes,,,yes,,,,,yes,,,,
ID163,AAB,0,0,2,no,no,no,no,,,90,no,no,27,63,90,yes,no,,,49,yes,no,7,42,49,yes,yes,,,60,yes,yes,5,53,58,1st and 2nd attempt: No bougie,no,no,,,,,,,,,,,,,,,
ID164,ABB,5,4,1,no,no,yes,no,,,84,yes,no,7,75,82,yes,yes,,,65,yes,yes,6,59,65,yes,yes,,,53,yes,yes,4,48,52,1st attempt: Asked asst to hold suction in situ,,,,yes,,,,,,,,,,,,,